SET SQL_MODE="NO_AUTO_VALUE_ON_ZERO";
SET time_zone = "+00:00";

/*!40101 SET @OLD_CHARACTER_SET_CLIENT=@@CHARACTER_SET_CLIENT */;
/*!40101 SET @OLD_CHARACTER_SET_RESULTS=@@CHARACTER_SET_RESULTS */;
/*!40101 SET @OLD_COLLATION_CONNECTION=@@COLLATION_CONNECTION */;
/*!40101 SET NAMES utf8 */;

INSERT INTO `sc_products` (`id`, `name`, `description`, `image`, `price`) VALUES
(1, 'Sofá 2 Lugares Passion Courissímo Preto LinoForte', 'Lorem ipsum dolor sit amet, consectetur adipiscing elit. Donec bibendum feugiat turpis, vel viverra erat luctus ut. Pellentesque habitant morbi tristique senectus et netus et malesuada fames ac turpis egestas. Nullam a consectetur libero. Nunc nec quam in mi tincidunt interdum a mattis velit. Mauris condimentum tellus nec erat fermentum, sed facilisis dolor vestibulum. Vestibulum sollicitudin tortor eget dui semper porttitor. Praesent quis sapien tristique, tempus arcu vitae, lobortis orci.', 'Sof___2_Lugares_Passion_Couriss__mo_Preto_LinoForte.jpg', 979),
(2, 'Sofá Suécia 2 Lugares Café - Suede Hellen', 'Sed condimentum metus sed est hendrerit feugiat. Aliquam luctus vestibulum interdum. Maecenas sed libero quis sem auctor faucibus vel nec ipsum. Etiam adipiscing sapien in arcu fermentum, vel ultricies diam iaculis. Vivamus eget quam quis dolor scelerisque egestas. Ut leo erat, scelerisque sed est ut, porttitor congue elit. Donec quis porta felis. Mauris commodo, leo at scelerisque pellentesque, dolor tellus sollicitudin orci, id euismod erat lorem vitae lectus. Nulla a purus id enim tincidunt mollis. Nullam at mollis magna, at accumsan leo. Praesent vel nisi dolor. Maecenas porttitor quis lectus et mattis. Pellentesque sed est in dolor porta feugiat.', 'Sof___Su__cia_2_Lugares_Caf_____Suede_Hellen.jpg', 519),
(3, 'Mesa de Jantar Retangular Grécia Castanho 160', 'Praesent ac ornare enim. Suspendisse potenti. Nam adipiscing vehicula urna ut egestas. Nulla vitae dignissim orci, vel faucibus tellus. In mollis orci vitae tortor euismod, ut aliquet mi eleifend. Interdum et malesuada fames ac ante ipsum primis in faucibus. Morbi risus mi, euismod ut ullamcorper a, bibendum nec est. Donec nec imperdiet tortor, a sagittis tellus. Ut ullamcorper urna lacus, ut suscipit enim tempus vitae. Curabitur bibendum urna sit amet iaculis accumsan. Sed eget varius augue, ac ullamcorper metus. Nunc tortor enim, ornare et egestas quis, suscipit in nisl. Nulla suscipit tempor mi, eget mollis enim faucibus eu.', 'Mesa_de_Jantar_Retangular_Gr__cia_Castanho_160.jpg', 1250),
(4, 'Mesa de Jantar Retangular 1400 Cromada & Vidro Incolor Cadiz Carraro', 'In hac habitasse platea dictumst. Sed pharetra sed est id consectetur. Pellentesque porta sed tortor in mollis. Nunc consequat diam porta pretium ullamcorper. Sed sit amet libero nec orci luctus imperdiet. Vivamus dapibus diam sed bibendum scelerisque. In a faucibus dui. Nam nec malesuada purus, at fermentum magna. Nam velit felis, sollicitudin tempor quam ac, vestibulum convallis arcu.', 'Mesa_de_Jantar_Retangular_1400_Cromada___Vidro_Incolor_Cadiz_Carraro.jpg', 640),
(5, 'Cama Box c/ Colchão Casal Mola Superlastic Simbal Imaginu 65Cm', 'Etiam quis orci pellentesque, elementum ante a, interdum mi. Etiam cursus scelerisque risus id gravida. Ut metus mauris, condimentum ut rhoncus ac, rhoncus sed velit. Proin non risus scelerisque, sollicitudin diam a, fermentum quam. Donec nibh nibh, pellentesque nec pretium vitae, rhoncus sit amet leo. Mauris aliquam, metus consectetur fringilla euismod, quam mauris hendrerit ligula, tincidunt lobortis mauris mi sed velit. Nam vel elementum turpis. Sed fermentum nibh arcu, in facilisis elit sagittis eget. Maecenas nibh mi, vehicula vel pretium non, mattis sit amet nisi. Aliquam sit amet arcu facilisis, molestie turpis eleifend, aliquam massa. Vivamus volutpat diam nec erat vehicula pulvinar. Ut sit amet elit massa. Donec porttitor fringilla tellus, vitae placerat metus ultrices non. Aenean sapien metus, placerat sed risus at, viverra ultrices elit. Mauris viverra ornare leo, vel porta lectus convallis non.', 'Cama_Box__Colch__o_Casal_Mola_Superlastic_Simbal_Imaginu.jpg', 780),
(6, 'Cama Box Com Colchão Mola Ensacada Casal Inducol Flower 34Alt.', 'Sed convallis, neque nec porta blandit, quam lorem aliquam turpis, ut posuere dui justo sit amet nulla. Sed pellentesque, eros id hendrerit suscipit, dui lorem eleifend orci, sed commodo nibh lectus vitae tellus. Mauris quis tempus lorem. Nullam non faucibus orci. Vestibulum sit amet elit vel diam placerat porta. Integer gravida nulla id lectus varius, vitae elementum risus volutpat. Class aptent taciti sociosqu ad litora torquent per conubia nostra, per inceptos himenaeos. Suspendisse a tempus tortor, ac euismod velit. Nulla sed eros elit. Nulla venenatis, nisi sit amet elementum dignissim, eros nunc rutrum metus, vel pulvinar lorem nisi quis lectus. Cras libero leo, venenatis nec egestas posuere, convallis eu augue.', 'Cama_Box_Com_Colch__o_Mola_Ensacada_Casal_Inducol_Flower_34Alt_.jpg', 1850),
(7, 'Cômoda Havana Master - 2PT - 4GV Branca', 'Duis consectetur libero eu diam tincidunt porta. Proin ut felis a ante pulvinar posuere. Nullam sit amet sem libero. Aenean elementum, urna in ornare lobortis, nibh ante convallis magna, nec egestas nisl enim sit amet dui. Curabitur dolor tellus, sollicitudin et interdum at, elementum eget ante. Nullam ut varius libero. Vestibulum ante ipsum primis in faucibus orci luctus et ultrices posuere cubilia Curae; Duis malesuada diam eu ipsum dictum consectetur. Donec facilisis sodales ipsum id eleifend. Praesent auctor in ligula nec mattis. Integer massa enim, interdum vitae tellus eget, volutpat cursus metus. Integer lobortis facilisis hendrerit. Proin ac purus quis orci congue tempor ac sit amet neque. Etiam viverra, quam sed hendrerit euismod, est quam semper nunc, at fringilla diam neque non sem. Praesent pretium, dolor et fringilla porta, massa tortor porttitor libero, at dapibus dolor massa tempus nisi. Cras felis magna, sodales sed turpis eget, placerat lacinia lorem.', 'C__moda_Havana_Master___2PT___4GV_Branca.jpg', 330),
(8, 'Cômoda Provence 9GV Branco Lavado Inter Link', 'Nulla posuere blandit tortor non mollis. Vivamus convallis, tellus sit amet lobortis aliquam, augue risus bibendum orci, in mollis lectus sem feugiat velit. Vivamus quis aliquet lectus. Pellentesque ac pretium mi. Nullam vulputate, enim in egestas pharetra, lorem massa auctor nisi, quis molestie est lorem et urna. Maecenas vestibulum lorem in orci consectetur tristique. Sed dictum commodo dolor vel facilisis. Vestibulum gravida, dui nec lacinia blandit, dui nisl placerat odio, nec porta mi tortor sit amet urna. Suspendisse potenti. Maecenas pellentesque elit accumsan, porttitor nisi id, venenatis nunc. Mauris commodo, augue sit amet volutpat dictum, justo arcu pretium neque, eu malesuada velit libero sit amet elit. Donec id neque ac lacus placerat bibendum at at felis. Phasellus consectetur fringilla augue in posuere. Morbi ac odio nisi. Aenean placerat risus vitae nunc egestas, gravida porttitor orci mattis. Ut nec volutpat est.', 'C__moda_Provence_9GV_Branco_Lavado_Inter_Link.jpg', 489),
(9, 'Prateleira BPL 08-06 Decorativa 25 mm Branco BRV Móveis', 'Suspendisse ut tristique erat. In lectus ligula, laoreet ac porta eu, rutrum nec erat. Nunc elementum, quam quis sagittis consequat, nibh nulla mollis leo, sed laoreet sapien mi vitae neque. Nullam placerat facilisis magna, in scelerisque est facilisis eget. Pellentesque convallis rutrum lectus, ac pharetra lacus dignissim ullamcorper. In rutrum lacus ac luctus semper. Nam vehicula, lectus at lacinia vulputate, erat urna adipiscing massa, id luctus orci magna vel dui. Pellentesque sit amet lectus dolor. Cras sit amet odio at lectus pharetra luctus eu eget odio. Sed consequat sollicitudin est, id gravida elit. Etiam faucibus dolor lectus, id tincidunt tellus blandit non. Etiam et pellentesque nisi, id consequat enim.', 'Prateleira_BPL_08_06_Decorativa_25_mm_Branco_BRV_M__veis.jpg', 110),
(10, 'Prateleira BPL 12-06 Decorativa 25 mm Branco BRV Móveis', 'Morbi suscipit varius justo, a tristique metus posuere in. In tincidunt sed purus quis convallis. Cras feugiat feugiat viverra. Etiam hendrerit, risus ut sagittis condimentum, tellus dui tempus velit, ut aliquet odio mauris vitae metus. Etiam consectetur risus vitae cursus facilisis. Vivamus tincidunt, diam at tempus mattis, leo erat elementum neque, convallis hendrerit risus neque eget libero. Pellentesque vel tincidunt justo, ut tincidunt nisi. Morbi mi leo, cursus mattis ultricies tincidunt, egestas ac nunc. Vestibulum suscipit est sed viverra malesuada. Vestibulum et nulla vitae lacus placerat placerat.', 'Prateleira_BPL_12_06_Decorativa_25_mm_Branco_BRV_M__veis.jpg', 90.9),
(11, 'Guarda Roupa Opera 3 Portas 8 Gavetas Vanilla & Nude Província', 'Ut luctus enim a diam porttitor, non luctus diam venenatis. Quisque a nisi consequat, elementum nunc eget, euismod arcu. Etiam vitae varius quam, eget ornare est. Pellentesque dictum arcu a mi posuere imperdiet. Sed egestas consequat purus, ullamcorper pulvinar elit. Fusce sit amet lorem pulvinar neque cursus auctor feugiat vitae nisl. Nullam fermentum venenatis consequat. Fusce varius, nisi vitae aliquet commodo, nunc lacus dignissim orci, nec semper eros turpis in magna. Nam est tellus, pharetra at ligula eget, mollis euismod mauris. Cras dapibus dolor porta egestas imperdiet. Vestibulum eu convallis ante.', 'Guarda_Roupa_Opera_3_Portas_8_Gavetas_Vanilla___Nude_Prov__ncia.jpg', 2220),
(12, 'Guarda Roupa Opera 3 Portas 8 Gavetas Branco Gloss Província', 'Ut elementum nisl et neque sodales, non facilisis lorem scelerisque. Sed blandit ultricies mauris sed accumsan. Nullam nisi mauris, volutpat ut felis eget, facilisis vulputate est. Aliquam commodo ante sit amet urna lacinia imperdiet ac eleifend dui. Nullam gravida dapibus tellus, a volutpat lacus accumsan nec. Integer lectus lacus, egestas eget suscipit in, posuere in enim. Pellentesque rhoncus magna sed leo lacinia pellentesque. Curabitur condimentum est vel dui tristique luctus. Quisque aliquam, justo ac rutrum commodo, ipsum lorem vulputate ipsum, sit amet consequat nisl mi ac ipsum. Proin quam dui, tincidunt ac magna id, blandit ornare orci. Aenean faucibus orci id purus vehicula, facilisis posuere lectus iaculis. Donec a tellus augue. Donec condimentum, sem sit amet pretium vulputate, elit orci tempor ligula, a viverra enim ipsum nec odio. Proin fringilla leo placerat, pharetra nisi vitae, scelerisque libero.', 'Guarda_Roupa_Opera_3_Portas_8_Gavetas_Branco_Gloss_Prov__ncia.jpg', 2230),
(13, 'Mesa Redonda Branca D105', 'Maecenas et varius erat, vel elementum ligula. Nulla et arcu lobortis, venenatis lacus vitae, interdum lectus. Sed dignissim, lorem sit amet dictum tempor, diam arcu vehicula orci, vitae convallis est eros at quam. Donec eu aliquam felis, sed porta mi. Nam sed ipsum vestibulum, adipiscing libero vel, eleifend nisi. Praesent tempus magna quis blandit convallis. Fusce et orci sed neque mollis viverra quis non tortor. Pellentesque aliquet accumsan odio, vitae fringilla nulla. Sed venenatis nisi quis erat commodo viverra. Sed scelerisque nunc in gravida eleifend.', 'Mesa_Redonda_Branca_D105.jpg', 400),
(14, 'Mesa Alongável Itália Nogueira', 'Proin sit amet pellentesque ipsum. Nulla condimentum enim quis arcu pulvinar pellentesque. Nulla gravida nisl purus, eu lobortis sem adipiscing et. Sed pharetra neque et varius vehicula. Mauris pulvinar enim ligula, sit amet venenatis justo suscipit nec. Donec lobortis malesuada rhoncus. Nulla fringilla consequat sem a suscipit. Proin urna massa, aliquet nec sapien vitae, molestie elementum nibh. Nullam sit amet consectetur purus, eget posuere turpis. Morbi aliquam adipiscing ante, ut rhoncus tellus.', 'Mesa_Along__vel_It__lia_Nogueira.jpg', 1300),
(15, 'Cadeira de Cozinha Cromado 0354 Preta', 'Aliquam dapibus nisl aliquet mi posuere varius. Praesent id vestibulum arcu. Pellentesque sollicitudin lorem mi, et ornare dui consectetur ut. Maecenas malesuada tortor at quam vehicula, eu imperdiet urna imperdiet. Curabitur ipsum ipsum, iaculis vitae iaculis sit amet, volutpat a leo. Vestibulum non lectus odio. Mauris adipiscing congue eros, dictum varius enim volutpat ac. Suspendisse non ultricies ante, sit amet dapibus neque. Mauris eros dolor, pulvinar at orci in, tempus ornare nisl. Donec aliquet metus vel odio scelerisque, non facilisis odio pretium. Maecenas nibh est, varius in elementum fringilla, egestas a massa. Curabitur a erat luctus, mattis elit eget, bibendum justo.', 'Cadeira_de_Cozinha_Cromado_0354_Preta.jpg', 200),
(16, 'Cadeira de Cozinha Cromado 0141 Branca | Carraro Móveis', 'Curabitur blandit vitae massa in feugiat. Cras sed arcu interdum, semper nisi ullamcorper, adipiscing tortor. Praesent vulputate ipsum magna, ac porta felis aliquam sagittis. Maecenas in blandit dolor. Vivamus porttitor metus eu augue molestie, ut fermentum mi congue. Cras sit amet tincidunt ipsum. Fusce sed condimentum lectus. Fusce in velit in ante accumsan rhoncus. Donec in tortor tempus massa aliquam elementum et vel urna. Nunc sodales ligula nec lorem gravida, nec lacinia nisi laoreet. Ut et molestie ante. Class aptent taciti sociosqu ad litora torquent per conubia nostra, per inceptos himenaeos. Fusce a felis vitae lorem mattis pellentesque a nec risus.', 'Cadeira_de_Cozinha_Cromado_0141_Branca.jpg', 110),
(17, 'Berço Encanto Branco Canaã', 'Aliquam laoreet dolor vitae lorem pulvinar laoreet. Aliquam et nibh nulla. Donec posuere nisl ultrices dolor viverra, eget consectetur neque scelerisque. Cras elementum libero neque, ut commodo ante cursus dictum. Nunc viverra, nisl ac sagittis consectetur, lorem velit tincidunt nulla, quis fermentum turpis mauris vitae mi. Pellentesque consectetur et erat vel fermentum. Nulla sem tortor, accumsan at iaculis a, hendrerit eget ante.', 'Ber__o_Encanto_Branco_Cana__.jpg', 860),
(18, 'Berço Infantil Provençal Baby Branco Pura Magia', 'Proin sollicitudin fringilla vestibulum. Nullam convallis purus sed urna rhoncus scelerisque. Cras dui metus, ullamcorper at faucibus pulvinar, placerat vel arcu. Cras tempor turpis vel mi ultrices luctus. Cum sociis natoque penatibus et magnis dis parturient montes, nascetur ridiculus mus. Curabitur metus ligula, tempus quis viverra eu, sagittis nec dolor. Curabitur nec tincidunt nibh, nec vestibulum velit.', 'Ber__o_Infantil_Proven__al_Baby_Branco_Pura_Magia.jpg', 790),
(19, 'Cômoda Infantil 64R150 1 Porta e 5 Gavetas Branco & Lilás Rodial', 'Phasellus quis urna at nibh placerat rutrum id vitae nibh. Proin sodales gravida suscipit. Donec venenatis nunc sit amet augue sodales, eget sagittis dui porttitor. In a sem quis metus faucibus bibendum at vitae ligula. Class aptent taciti sociosqu ad litora torquent per conubia nostra, per inceptos himenaeos. In hac habitasse platea dictumst. Duis consectetur rhoncus risus. Nam in venenatis metus. Nam suscipit sem eu velit tempus, eu consequat libero egestas. In imperdiet rhoncus felis vel ultricies. Aliquam erat volutpat. Nam non purus tortor. Nullam ut nisi nisi.', 'C__moda_Infantil_64R150_1_Porta_e_5_Gavetas_Branco___Lil__s_Rodial.jpg', 250),
(20, 'Cômoda Infantil Ternura 1 Porta 5 Gavetas Branco Potente Móveis', 'Curabitur rutrum malesuada nunc, sed tempus ante aliquet ac. Vivamus eleifend ac felis a commodo. Fusce pretium ante sapien, in facilisis dolor cursus vitae. Aliquam ornare orci ac ligula fermentum vulputate. Vivamus ac massa aliquam, varius arcu eu, laoreet nisl. Duis faucibus ut arcu in suscipit. Proin ornare tortor eu vehicula aliquam. Morbi sit amet malesuada sapien. Vivamus blandit, arcu nec dapibus mollis, nisi arcu semper odio, sit amet fringilla neque tortor eget massa. Fusce odio tellus, tempus et feugiat nec, semper at lorem. Nam justo risus, ullamcorper et suscipit facilisis, aliquet quis tortor. Maecenas ut arcu sit amet ante hendrerit interdum. Etiam consectetur dui eget rutrum porta. Aliquam ut eleifend velit. Fusce in consequat est. Fusce sed ipsum sagittis, congue velit a, luctus turpis.', 'C__moda_Infantil_Ternura_1_Porta_5_Gavetas_Branco_Potente_M__veis.jpg', 520),
(21, 'Fronha Premium Gold Percal 200 Fios 50X90 cm', 'Donec id tellus ullamcorper, lacinia leo in, dignissim mi. Praesent et elit ante. Morbi sollicitudin, dolor non dignissim egestas, est sem rutrum massa, luctus ultricies lectus libero ultricies odio. Quisque volutpat nisi aliquet turpis lobortis, sit amet euismod nisl venenatis. Etiam quis volutpat neque. Cras nec bibendum augue. Fusce lobortis, tellus et molestie tincidunt, nunc nunc posuere tortor, eget viverra eros erat id nunc. Praesent fermentum ante a augue consequat, vel porta diam vulputate. Sed a congue tellus. Vivamus feugiat leo ac tortor dignissim tincidunt eu laoreet nunc. Suspendisse at ante ut purus mattis aliquam. Vivamus eget sapien ultricies, accumsan turpis interdum, eleifend risus. Curabitur sed tortor vel justo sodales sagittis vitae ut metus. Vestibulum ut ullamcorper magna. Nunc posuere lobortis dui, et condimentum ligula iaculis sed.', 'Fronha_Premium_Gold_Percal_200_Fios_50X90_cm.jpg', 50),
(22, 'Fronha Soft Touch 300 Fios Branco 50X70 cm', 'Curabitur eget nisi augue. Sed tempor sodales ante. Nullam felis ante, vulputate quis imperdiet pellentesque, ultricies in diam. Sed ac malesuada mauris. Aliquam ut libero ligula. Duis ut nunc id libero cursus vulputate. Morbi eget dui sollicitudin, facilisis ligula vel, molestie sapien.', 'Fronha_Soft_Touch_300_Fios_Branco_50X70_cm.jpg', 30),
(23, 'Manta Decorativa para Sofá Itaparica 150X150 Bege Omartex', 'Aliquam sit amet auctor nunc. Vivamus nec lectus adipiscing, tempor urna vitae, mattis sapien. Integer elementum posuere quam, et gravida orci lacinia sit amet. Nam consequat faucibus libero, in consequat ipsum tincidunt sit amet. Nulla a consectetur erat. Curabitur sit amet mollis eros, mattis rutrum ipsum. Sed varius consequat rutrum. Integer ut accumsan sapien. Phasellus adipiscing eros id sodales tristique. Aenean a purus posuere diam rutrum feugiat et id erat. Maecenas euismod tellus bibendum nisi interdum, quis iaculis turpis ultrices. Vivamus a molestie elit. Duis id mauris vitae nunc varius adipiscing. Cras porttitor diam erat, et varius urna congue nec. Nam pharetra nibh et arcu facilisis sagittis.', 'Manta_Decorativa_para_Sof___Itaparica_150X150_Bege_Omartex.jpg', 53),
(24, 'Manta Decorativa para Sofá Girassol 150X100 Azul Omartex', 'In hac habitasse platea dictumst. Nunc sodales neque eget augue consectetur, ut imperdiet dui pretium. Sed accumsan tellus eu ornare gravida. Ut pellentesque varius lorem sit amet fermentum. Duis convallis magna quis urna semper viverra. Ut lacinia lacus et porta laoreet. Cras sed molestie diam. Fusce pulvinar tincidunt molestie. Mauris ornare ligula at quam scelerisque mollis. Aliquam vel sapien libero. Quisque fermentum nisi nibh, eu ultrices diam elementum nec.', 'Manta_Decorativa_para_Sof___Girassol_150X100_Azul_Omartex.jpg', 50),
(25, 'Cobertor Bariloche Casal Castanho Etruria', 'Sed eu dui sit amet neque eleifend suscipit in quis nunc. Phasellus in lacinia leo, ornare consectetur diam. Maecenas scelerisque nec sapien eget semper. Cras et accumsan libero. Quisque non lectus id nunc fermentum imperdiet eu vitae lectus. Proin in sapien nec elit congue dignissim vel nec ligula. Donec justo libero, sagittis nec lorem sed, pretium auctor ligula. Nulla sit amet iaculis elit. Sed lorem nisi, adipiscing id ligula et, molestie sodales lectus. Suspendisse vel suscipit sem.', 'Cobertor_Bariloche_Casal_Castanho_Etruria.jpg', 180),
(26, 'Cobertor Royal Camelo Casal', 'Aenean nec sodales justo, quis mattis felis. Sed arcu neque, pulvinar sed justo in, cursus dignissim libero. Donec sollicitudin nec felis sit amet facilisis. Proin sed dolor augue. Curabitur vel dictum magna. Morbi id accumsan lectus. Nam vel nisl nec libero convallis posuere vel a risus. In iaculis sem erat, a euismod leo ullamcorper rutrum. Donec a cursus nunc.', 'Cobertor_Royal_Camelo_Casal.jpg', 185),
(27, 'Roupão Aurora Pérola Buettner', 'Sed venenatis leo ligula, quis molestie dolor bibendum vitae. Aliquam commodo est risus, sit amet tincidunt massa viverra eget. Praesent aliquet tellus orci, vitae ullamcorper purus iaculis eget. Mauris sed ullamcorper diam. Curabitur pharetra sem eget justo semper feugiat. Interdum et malesuada fames ac ante ipsum primis in faucibus. Etiam condimentum interdum diam. Maecenas tristique ornare nibh eu volutpat. Mauris sollicitudin nisl vitae arcu elementum hendrerit. Morbi vel massa nulla. Duis id sapien aliquet, luctus felis id, consequat purus.', 'Roup__o_Aurora_P__rola_Buettner.jpg', 160),
(28, 'Roupão Esther Pérola Buettner', 'Nullam blandit magna purus, vel dapibus lorem luctus id. Nunc fermentum varius augue, nec sagittis purus vehicula id. Nulla pretium, sem sed vulputate malesuada, arcu dolor consectetur dui, sit amet accumsan tellus purus id nibh. Morbi id quam vitae orci hendrerit malesuada sit amet vitae turpis. Curabitur fermentum consequat mauris, et tincidunt dui tincidunt eu. Vivamus non turpis aliquet, tincidunt ligula eu, semper dolor. Vestibulum ac nisl lacus. Quisque sit amet quam vitae mi sollicitudin pellentesque.', 'Roup__o_Esther_P__rola_Buettner.jpg', 170),
(29, 'Roupão Tinker Bell G Transfer', 'Class aptent taciti sociosqu ad litora torquent per conubia nostra, per inceptos himenaeos. In ut odio nec risus cursus cursus. Aliquam sed neque sapien. Duis venenatis, dolor vel fringilla convallis, erat nibh ultrices dolor, in tempor justo purus sit amet neque. Vestibulum ac blandit enim. Aliquam erat volutpat. Morbi ullamcorper mattis nulla, sed suscipit enim condimentum vitae. Aliquam a metus laoreet velit tempus ultricies vel vel est. Nunc condimentum lorem et ante commodo tristique. Nam adipiscing purus quis felis faucibus, id malesuada est luctus. Suspendisse vel diam quis quam congue elementum at vitae orci.', 'Roup__o_Tinker_Bell_G_Transfer.jpg', 50.5),
(30, 'Pantufa Altena Orquídea 37 Karsten', 'Integer eleifend neque vitae sem elementum, eu lobortis felis tempus. Mauris vel malesuada metus. Praesent erat urna, tincidunt nec mi a, ullamcorper tempor mi. Nam at magna et erat dignissim convallis ac id nisl. Sed bibendum commodo aliquet. Sed sollicitudin velit ut imperdiet varius. Donec vehicula vel lacus ut ultrices. Nullam egestas suscipit eros, sit amet varius odio ornare vitae. Aliquam eget venenatis est, sit amet rutrum purus. Fusce ut fermentum magna, eget lobortis nisi. Duis non gravida ligula. Vivamus id gravida metus. Morbi rhoncus nunc et porttitor suscipit. Aenean varius suscipit quam, facilisis pretium nisi hendrerit ut. Duis nec porttitor diam. Vestibulum auctor laoreet quam sed luctus.', 'Pantufa_Altena_Orqu__dea_37_Karsten.jpg', 25.8),
(31, 'Suporte para Talheres 14 X 12 cm Jornata', 'Aenean convallis massa nibh, et imperdiet neque sollicitudin sed. Nulla accumsan sagittis enim, ac suscipit sapien tristique et. Ut volutpat egestas tempus. Fusce tempor dapibus nunc id interdum. Phasellus ultrices nunc ut enim faucibus, id molestie lectus feugiat. Sed iaculis adipiscing vulputate. Aenean luctus dolor diam, at ullamcorper sem lobortis faucibus. Quisque et lacus tincidunt, interdum augue id, condimentum nunc.', 'Suporte_para_Talheres_14_X_12_cm_Jornata.jpg', 80.9),
(32, 'Separador para Talheres Originale 30 cm', 'Fusce ut orci risus. Donec eget suscipit nisl. Nunc et erat quis est blandit lobortis vel eget ipsum. Ut bibendum felis sit amet enim luctus, venenatis porttitor dui tincidunt. Phasellus enim nulla, gravida non orci nec, condimentum tempor orci. Nunc a gravida dui. Fusce sodales tincidunt nibh, sit amet porta erat mollis in. Nulla facilisi. Praesent nec consectetur urna. Vivamus pulvinar mi eu vestibulum elementum.', 'Separador_para_Talheres_Originale_30_cm.jpg', 84.3),
(33, 'Alça para Garrafa Redonda', 'Cum sociis natoque penatibus et magnis dis parturient montes, nascetur ridiculus mus. Donec vitae massa iaculis, vehicula leo at, tempor augue. Curabitur egestas laoreet nibh. Donec aliquet risus nec ligula suscipit, in dapibus nunc feugiat. Cras tristique rhoncus lobortis. Morbi interdum lectus a libero facilisis iaculis. Nullam ac placerat tortor. Sed sollicitudin, dui sit amet sodales ullamcorper, lorem tellus facilisis dui, sit amet sagittis diam lectus sed justo.', 'Al__a_para_Garrafa_Redonda.jpg', 20.9),
(34, 'Talheres Munique Verde 24 pçs', 'Praesent malesuada tempus sapien, et vulputate nisl porta eget. Nunc fringilla egestas turpis, ac laoreet mi ornare sit amet. Ut semper mi id dolor dictum mattis. Praesent nisl nibh, tincidunt a mi ut, volutpat iaculis nisi. Nam euismod tempor felis, ut semper ligula ultricies at. Etiam mauris quam, consectetur sed augue vulputate, pellentesque laoreet magna. Maecenas imperdiet sapien in sem ultricies posuere. Nunc aliquam volutpat semper. Vivamus at mauris sit amet massa luctus egestas. Vivamus adipiscing mauris nec odio tempor vestibulum. Donec aliquet fermentum velit eu tempor. Sed a ligula imperdiet, interdum libero id, consequat felis.', 'Talheres_Munique_Verde_24_p__s.jpg', 80),
(35, 'Colher De Arroz Inox com Gancho 36cm Gourmet Mix', 'Duis tempor, leo nec dignissim condimentum, sem massa fringilla metus, sed laoreet erat arcu at lacus. Proin sit amet consequat metus, vitae tempus dolor. Donec fermentum, nisi id malesuada semper, quam velit pharetra turpis, id imperdiet lorem sem vel nunc. Quisque euismod augue id diam euismod, sed ornare nibh laoreet. Vestibulum tempus, tortor id malesuada convallis, metus eros interdum mauris, non rhoncus quam nisi fringilla sem. Sed a vulputate odio, sed blandit mauris. Fusce eu neque varius, porta nisl ac, rutrum quam. Sed dolor diam, semper eu ipsum at, sagittis mattis est.', 'Colher_De_Arroz_Inox_com_Gancho_36cm_Gourmet_Mix.jpg', 11),
(36, 'Colher Para Coquetel Gourmet Mix', 'Fusce sollicitudin lacus ligula, et lacinia massa pellentesque sit amet. Duis mollis sit amet felis vel aliquam. Aenean eros odio, vestibulum vel metus eget, faucibus faucibus libero. Mauris id lectus id quam mattis iaculis ac id odio. Morbi in odio at eros blandit ultrices. Vestibulum et lorem eu nisi interdum tincidunt. Maecenas dictum semper diam, a convallis est lacinia at. Ut eleifend eros ac nisl varius facilisis. Nullam fermentum urna vel erat varius, sit amet convallis quam hendrerit. Vivamus bibendum, sem euismod mollis venenatis, risus erat cursus diam, egestas hendrerit urna nisi vehicula nibh. Cras ac odio eu metus vestibulum varius quis ut urna.', 'Colher_Para_Coquetel_Gourmet_Mix.jpg', 5),
(37, 'Faqueiro Tramontina Inox 42 pçs Copacabana', 'Praesent velit tellus, ultricies sit amet tortor ut, porttitor malesuada ante. Aenean felis ante, feugiat eget purus a, dapibus pharetra nunc. Fusce velit mi, scelerisque eget odio at, pulvinar rutrum libero. Mauris auctor nulla et iaculis aliquam. In condimentum ac nisl sed condimentum. Phasellus vitae tortor vitae urna laoreet interdum nec id justo. Donec a metus sit amet ante facilisis sagittis sit amet eget sem.', 'Faqueiro_Tramontina_Inox_42_p__s_Copacabana.jpg', 139),
(38, 'Faqueiro 42 peças Larynne Gourmet Casa', 'In ut justo eget velit egestas euismod vel sed lacus. Cras volutpat luctus gravida. Pellentesque cursus mattis magna quis feugiat. Donec condimentum, augue in rutrum aliquam, mauris magna ornare tellus, non mattis ligula turpis id eros. In ornare dapibus lorem, eget accumsan massa interdum at. Morbi sagittis nisl eu lectus aliquet, suscipit porttitor lacus laoreet.', 'Faqueiro_42_pe__as_Larynne_Gourmet_Casa.jpg', 169),
(39, 'Lixeira Viel Com Tampa Branca Retrátil E Corpo Em Aço Inox 2,5 L', 'Quisque volutpat purus et enim aliquam porta. Praesent feugiat risus eu lorem lacinia, sit amet ullamcorper sapien consectetur. Cras et nulla imperdiet, vulputate ante in, pretium lectus. Sed ultricies nulla a mollis iaculis. Sed aliquam tristique tempus. Pellentesque augue nunc, semper lacinia arcu volutpat, venenatis consequat lorem. Vivamus semper purus et elit ullamcorper malesuada.', 'Lixeira_Viel_Com_Tampa_Branca_Retr__til_E_Corpo_Em_A__o_Inox_2_5_L.jpg', 49.9),
(40, 'Lixeira com Tampa 5,4 L Decorline', 'Donec mollis, erat quis malesuada scelerisque, risus ipsum adipiscing sem, a adipiscing libero metus nec nulla. Vivamus vitae quam felis. Donec nunc lectus, dapibus eu lectus at, iaculis luctus arcu. Praesent interdum eros velit, in ornare ligula sodales a. Aliquam mauris magna, faucibus vel varius a, vestibulum ut lectus. Interdum et malesuada fames ac ante ipsum primis in faucibus.', 'Lixeira_com_Tampa_5_4_L_Decorline.jpg', 98.9),
(41, 'Vassoura de Jardim Metálica Regulável 18 Dentes Cabo de 120cm Tramontina', 'Nunc in elit non odio vestibulum pharetra accumsan vitae lacus. Morbi gravida molestie lorem ac vehicula. Cras auctor purus in laoreet varius. Fusce interdum ligula a blandit pharetra. Cum sociis natoque penatibus et magnis dis parturient montes, nascetur ridiculus mus. Vestibulum vitae massa dolor. Morbi consectetur tincidunt turpis at fermentum. Maecenas vitae risus non velit convallis aliquet. Morbi id erat et diam ultrices pretium. In hac habitasse platea dictumst.', 'Vassoura_de_Jardim_Met__lica_Regul__vel_18_Dentes_Cabo_de_120cm_Tramontina.jpg', 9.5),
(42, 'Vassoura de Ancinho Verde com cabo FJ1026', 'Nullam quis dictum eros. Integer libero erat, rutrum ut tincidunt in, vehicula sit amet nisl. Vestibulum ante ipsum primis in faucibus orci luctus et ultrices posuere cubilia Curae; Suspendisse id urna eget magna consectetur blandit non at tellus. Aliquam ullamcorper sodales molestie. Quisque id ligula et leo mollis aliquet ac sed urna.', 'Vassoura_de_Ancinho_Verde_com_cabo_FJ1026.jpg', 8.99),
(43, 'Quadro Flores da Sorte 1 Branco 108 x 92 cm', 'Sed in mi non urna eleifend suscipit vel commodo tellus. Fusce id scelerisque turpis. Etiam mollis enim imperdiet, fringilla sapien aliquam, interdum urna. Quisque a dui urna. Curabitur id porttitor nisi. Duis vehicula ultrices urna, vel viverra enim venenatis id. Suspendisse iaculis nulla lectus, nec tristique risus tincidunt eu. Vestibulum non erat tincidunt, ullamcorper risus et, malesuada arcu. Fusce lorem nunc, ultricies ut consequat a, vulputate quis nisi.', 'Quadro_Flores_da_Sorte_1_Branco_108_x_92_cm.jpg', 340.9),
(44, 'Quadro Artesanal com Textura Rosas Vermelho 70x100 Uniart', 'Donec felis enim, pellentesque id velit vel, vehicula tempus diam. Duis eros justo, pellentesque eget enim vitae, venenatis imperdiet mi. Sed dui risus, sollicitudin vitae accumsan eget, pretium at risus. Donec tincidunt est nec augue faucibus suscipit. Phasellus a eleifend dolor. Aenean ultricies at lectus porta accumsan. Aenean nunc est, ullamcorper id mauris at, sodales convallis augue. Nulla elit elit, tempus eu nisi auctor, tincidunt porttitor diam. Etiam sit amet pharetra ante. Aliquam erat volutpat.', 'Quadro_Artesanal_com_Textura_Rosas_Vermelho_70x100_Uniart.jpg', 180),
(45, 'Relógio de Parede Old West Marrom OLDWAY', 'Mauris egestas dui venenatis erat ultricies, sit amet dignissim risus convallis. Nullam in felis sed orci molestie tincidunt. Etiam urna lacus, ultrices nec semper et, tristique eget dolor. Quisque fringilla vulputate nisl, condimentum mattis urna mollis mattis. Proin vitae turpis blandit, aliquet lorem gravida, blandit lorem. Praesent at ante ante. Etiam sed nisi tempus, tincidunt lacus sed, elementum diam.', 'rel__gio_de_Parede_Old_West_Marrom_OLDWAY.jpg', 70.9),
(46, 'Relógio Saxo Branco - 30 Cm', 'Nulla sit amet dolor pulvinar, sodales erat a, rutrum quam. Suspendisse tincidunt lectus ac felis sollicitudin malesuada. Duis auctor risus eget sapien convallis fermentum. In consequat sodales diam, quis ornare est luctus et. Ut pulvinar dignissim eros, eget aliquet urna sodales et. Suspendisse egestas, lacus sed mollis mollis, arcu ligula viverra dui, hendrerit dictum felis turpis id risus. Cras auctor mi et felis ultrices, sed condimentum lorem volutpat.', 'Rel__gio_Saxo_Branco___30_Cm.jpg', 90.9),
(47, 'Abajur Wave Branco 110V', 'In hac habitasse platea dictumst. Quisque quis purus lectus. Vestibulum tristique eu nisl sed egestas. Suspendisse lectus justo, bibendum nec lorem id, sollicitudin tincidunt velit. Curabitur elementum consectetur nisi, quis interdum justo. Mauris et euismod sem. Duis iaculis lorem ac gravida consequat. Quisque cursus vulputate mollis. In felis ipsum, vehicula at erat in, adipiscing facilisis justo. Proin vitae nisl felis. Proin nisi dolor, aliquet eu orci vitae, lobortis vulputate erat. In est leo, vulputate et urna accumsan, condimentum consectetur mauris. Ut a dolor mattis, egestas tortor in, pellentesque nisi. Donec commodo turpis quis elit rhoncus pulvinar.', 'Abajur_Wave_Branco_110V.jpg', 120),
(48, 'Abajur Leblon Vermelho', 'Suspendisse at scelerisque dolor, quis ornare tellus. Donec ultricies elit lacus, in imperdiet nulla lobortis ac. Fusce rhoncus pharetra tellus feugiat ultrices. Morbi sit amet neque lectus. Ut vitae nunc ac velit laoreet tincidunt eu vitae lacus. Vestibulum rutrum venenatis ipsum, eget interdum augue hendrerit nec. Vivamus auctor elit eget facilisis pharetra.', 'Abajur_Leblon_Vermelho.jpg', 79.9),
(49, 'Pendente Geometric Aluminio e Vidro PRU 2013 Escovado Fosco Pantoja & Carmona Bivolt', 'Fusce sollicitudin libero a vulputate aliquam. Sed sodales nisl orci. Proin id libero consectetur, pharetra quam et, ultricies sapien. Aenean pharetra varius elit sollicitudin rutrum. Curabitur ultrices vestibulum tortor sed adipiscing. Duis id metus eu justo tincidunt facilisis. Pellentesque mauris urna, interdum dapibus orci vel, varius imperdiet dui.', 'Pendente_Geometric_Aluminio_e_Vidro_PRU_2013_Escovado_Fosco_Pantoja___Carmona_Bivolt.jpg', 170),
(50, 'Lustre Branco Taschibra Design Td 693 / 1 soquete Bivolt', 'Curabitur orci nisi, tincidunt vel nisi a, aliquet sodales quam. Curabitur id molestie elit, eget venenatis risus. Vestibulum porta est in erat placerat pharetra. Nunc feugiat, arcu in dignissim aliquam, orci est tempor eros, sagittis aliquet enim ante ut risus. Curabitur non purus vitae nibh pretium consequat. Cras eget molestie nibh. Fusce at purus mauris. Cras id tempus metus. Nunc rhoncus interdum pellentesque.', 'Lustre_Branco_Taschibra_Design_Td_693__1_soquete_Bivolt.jpg', 100),
(51, 'Luminária Mesa Folha Seca Lampdiez E-27 40 W', 'Donec volutpat commodo molestie. Suspendisse sed accumsan leo. Integer sit amet magna et augue laoreet imperdiet nec vitae arcu. Cras nisl nisl, facilisis non laoreet id, imperdiet quis nunc. Nullam vitae vulputate dui. Nulla libero sem, blandit nec imperdiet at, gravida a urna. Aliquam dolor diam, sagittis sit amet erat non, porttitor ullamcorper nisl. Vivamus bibendum, nibh in varius cursus, nunc metus condimentum est, non elementum mauris eros quis ipsum.', 'Luminaria_Mesa_Folha_Seca_Lampdiez_E_27_40_W.jpg', 69.9),
(52, 'Luminária Lotus Pedestal Branca 60cm base Aluminio Avelis 60W', 'Maecenas elementum massa sit amet felis consectetur vehicula. Aliquam volutpat massa neque, nec pulvinar est porttitor sed. Cras et ante vitae metus posuere scelerisque quis ultrices dui. Suspendisse mattis, enim eget pulvinar varius, nunc est vulputate ligula, ac elementum tortor nunc in diam. Maecenas eget sagittis mi, ut congue risus. Suspendisse lacus lacus, eleifend eu lectus dapibus, suscipit dignissim tortor. Proin fringilla est est, et feugiat libero luctus non.', 'Lumin__ria_Lotus_Pedestal_Branca_60cm_base_Aluminio_Avelis_60W.jpg', 189.9),
(53, 'Tapete para Sala Tufting Metallo 100 x 150 CM Bege Tapetes São Carlos', 'Proin nibh purus, ornare non ullamcorper non, pulvinar et turpis. Cras lobortis sapien ac sapien cursus, congue elementum ipsum tincidunt. Donec gravida orci sed vestibulum mattis. Fusce malesuada nisl id nibh porttitor, ut pretium tortor bibendum. In odio leo, faucibus et metus et, euismod laoreet lectus. Etiam tempor malesuada libero sed volutpat.', 'Tapete_para_Sala_Tufting_Metallo_100_x_150_CM_Bege_Tapetes_S__o_Carlos.jpg', 189),
(54, 'Tapete para Sala Tufting Galax 150X200 Trigo Tapetes São Carlos', 'Ut fermentum neque id tempus bibendum. Integer mauris sapien, tincidunt eu dignissim in, sagittis sed lectus. Quisque non nunc ut urna dictum pretium nec vitae tellus. Fusce rhoncus porta urna nec volutpat. Etiam luctus sollicitudin felis, eu placerat dui placerat sit amet. Vivamus sollicitudin suscipit nisl, a elementum lacus lacinia ac.', 'Tapete_para_Sala_Tufting_Galax_150X200_Trigo_Tapetes_S__o_Carlos.jpg', 289.9),
(55, 'Capacho Keep Calm Come In Vermelho 60x40 cm Haus For Fun', 'Suspendisse in vulputate neque. Ut varius tortor eget risus euismod sagittis. Nam dignissim, est eu tincidunt egestas, turpis eros mollis metus, ut dictum sem arcu in libero. Quisque eget nulla ante. Nullam libero felis, tristique ac orci eget, adipiscing imperdiet ligula. Nunc vel lacinia turpis. Suspendisse a vehicula magna. Nunc congue pellentesque magna. Pellentesque odio turpis, bibendum eget fringilla ac, malesuada eu augue. Vestibulum ut leo non mi pharetra cursus. Mauris eu sapien sed mi tincidunt consequat ac vel nulla.', 'Capacho_Keep_Calm_Come_In_Vermelho_60x40_cm_Haus_For_Fun.jpg', 49.9),
(56, 'Capacho Be Happy Verde 60x40 cm Haus For Fun', 'Suspendisse rhoncus, turpis bibendum malesuada varius, lacus diam iaculis quam, ut sagittis nibh leo in purus. Sed tempor magna nec lectus auctor, ac laoreet ipsum dignissim. Quisque eu tempus dolor. Quisque blandit, nulla ac gravida auctor, felis lorem imperdiet ligula, vel hendrerit lectus risus eu lacus. Fusce ultrices quis massa id vestibulum. Ut vitae sapien porta risus lobortis feugiat. Etiam non feugiat quam, ac elementum massa.', 'Capacho_Be_Happy_Verde_60x40_cm_Haus_For_Fun.jpg', 52.9),
(57, 'Centrifuga Multiuso Laranja 25 cm Laranja', 'Vestibulum in leo sit amet lectus viverra porttitor. Nunc rhoncus nunc id risus varius, nec consectetur neque interdum. In fringilla consectetur tincidunt. Nulla quis tempor arcu, sit amet laoreet lacus. Ut et orci et velit sollicitudin fermentum. Duis nisl tellus, iaculis ut iaculis eget, tristique eu quam. Integer hendrerit erat enim, eu dictum purus imperdiet vulputate. Praesent sit amet est eget justo fringilla interdum. Mauris vitae dolor non velit imperdiet egestas eget facilisis leo.', 'Centrifuga_Multiuso_Laranja_25_cm_Laranja.jpg', 259),
(58, 'Centrifuga Multiuso Verde 25 cm Verde', 'Donec tempor ligula a libero suscipit dictum. Praesent sed tortor metus. Mauris congue vehicula arcu, quis tristique lacus dictum eu. Pellentesque aliquet, tellus vitae egestas sollicitudin, tellus dolor faucibus dui, vel placerat eros turpis a erat. Nam libero turpis, dignissim id blandit dictum, sollicitudin eu erat. Praesent feugiat vitae odio in convallis. Etiam tristique facilisis magna, in lobortis mauris iaculis nec.', 'Centrifuga_Multiuso_Verde_25_cm_Verde.jpg', 170),
(59, 'Batedeira Cadence Planetária Orbital Orbit Kitchen BAT601 Premium Prata 4 Litros 220V 600W', 'Cras vulputate dictum auctor. Vivamus a tincidunt ligula. Nam non ipsum a felis suscipit rutrum. Integer sit amet dolor adipiscing, vehicula nibh quis, gravida neque. Morbi at convallis sem. Pellentesque habitant morbi tristique senectus et netus et malesuada fames ac turpis egestas. Donec nec odio at orci cursus fermentum. Donec neque felis, facilisis non tempus at, vulputate at elit.', 'Batedeira_Cadence_Planet__ria_Orbital_Orbit_Kitchen_BAT601_Premium_Prata_4_Litros_220V_600W.jpg', 450),
(60, 'Liquidificador Profissional Thunder Blender Cadence Preto 110 V 1500W', 'Quisque suscipit nisi et nulla eleifend varius id et tellus. Duis aliquet ligula ligula, vitae gravida nunc euismod vitae. Mauris vestibulum ipsum in congue porta. Pellentesque sed sollicitudin tellus. Sed venenatis mi at commodo malesuada. Vivamus tincidunt volutpat velit, ut tincidunt ipsum rutrum sed. Suspendisse tempor orci mi, quis congue nunc varius sit amet. Vestibulum nec nunc at sapien porta dictum facilisis in dui. Nam commodo, tellus ac auctor rutrum, nisl metus elementum mauris, sed porta sapien eros quis arcu. Aenean molestie rutrum faucibus. Sed vestibulum hendrerit eros ut cursus.', 'Liquidificador_Profissional_Thunder_Blender_Cadence_Preto_110_V_1500W.jpg', 490.9),
(61, 'Cafeteira Cadence Single 127V 450W', 'Aenean vitae nibh erat. In luctus scelerisque urna, aliquet auctor arcu vehicula et. In luctus eu elit at blandit. Morbi bibendum eget odio a aliquet. Maecenas mauris purus, lobortis at rutrum sit amet, commodo nec eros. Duis sagittis fringilla tempus. Integer feugiat lobortis pharetra. Morbi feugiat est id porttitor congue.', 'Cafeteira_Cadence_Single_127V_450W.jpg', 79.9),
(62, 'Barbeador Recarregável (Autovolt) BD4150-BR', 'Maecenas nibh diam, vestibulum quis laoreet blandit, porttitor condimentum ante. Nullam libero nulla, convallis ut ultricies et, ornare nec enim. Vivamus nibh arcu, pulvinar nec justo ut, elementum commodo ante. Nam posuere justo vel odio fermentum, nec convallis mi placerat. Sed iaculis accumsan lacinia. Sed nec eleifend turpis. Donec at lacus mauris. Phasellus aliquam lorem id venenatis tristique. Curabitur non ipsum rutrum, ullamcorper urna at, fermentum risus.', 'Barbeador_Recarreg__vel__Autovolt__BD4150_BR.jpg', 350),
(63, 'Barbeador Elétrico e a Bateria BD3790-BR Bivolt', 'Class aptent taciti sociosqu ad litora torquent per conubia nostra, per inceptos himenaeos. Phasellus facilisis sollicitudin mollis. Pellentesque viverra ultricies vehicula. Etiam pellentesque imperdiet ante, sit amet cursus nulla aliquet ac. Mauris semper tellus lorem, ut suscipit nulla iaculis eget. In gravida non purus et convallis. Sed pellentesque, purus aliquet vulputate blandit, lectus diam aliquam lectus, nec consequat purus est sit amet libero. Duis scelerisque ligula id urna sollicitudin consectetur. Duis elementum felis a lectus sagittis, eu euismod purus sodales.', 'Barbeador_El__trico_e_a_Bateria_BD3790_BR_Bivolt.jpg', 149.9),
(64, 'Secador De Cabelos Cadence Divine 220 V 2200W 2200W', 'Quisque sed libero gravida, mattis dui sed, vulputate massa. Curabitur mollis adipiscing sapien in interdum. Proin orci lorem, porttitor sit amet velit quis, sagittis pretium est. Integer pharetra non ligula ut sagittis. Curabitur eget enim iaculis, sollicitudin turpis semper, ultrices ipsum. Nunc ac risus volutpat odio vehicula accumsan id et dolor. Fusce sit amet cursus enim. Quisque vel fringilla augue. Suspendisse nec odio nec eros luctus mollis. Integer in nibh lectus.', 'Secador_De_Cabelos_Cadence_Divine_220_V_2200W_2200W.jpg', 79.9),
(65, 'Secador de Cabelo Cadence Iris SEC400 Roxo 220V 1400W', 'Donec iaculis eu magna quis tempor. Morbi posuere rhoncus metus at auctor. Praesent nibh velit, viverra a nisl sit amet, vestibulum malesuada eros. Donec eleifend nulla ligula, et consectetur eros scelerisque tincidunt. In vitae dictum lorem. Mauris vestibulum pretium purus, at consequat augue blandit in.', 'Secador_de_Cabelo_Cadence_Iris_SEC400_Roxo_220V_1400W.jpg', 39.9),
(66, 'Aquecedor Halogênio Oscilante Preto Cadence 127 V 1200W', 'Morbi sit amet suscipit mauris, quis egestas leo. Etiam facilisis rutrum consequat. Mauris bibendum lectus vel nibh ullamcorper, sed dapibus sem luctus. Maecenas erat eros, vulputate vel orci eu, convallis aliquet nulla. Donec libero justo, feugiat vel ante quis, gravida pretium magna. Aliquam cursus ultrices ligula. Mauris placerat condimentum rhoncus. Pellentesque aliquam justo id laoreet scelerisque. Suspendisse ut risus ut velit bibendum iaculis vel ac eros.', 'Aquecedor_Halog__nio_Oscilante_Preto_Cadence_127_V_1200W.jpg', 159),
(67, 'Aquecedor Anex Vertical 127V', 'Nullam tristique odio sed quam egestas posuere. Proin auctor aliquam odio, quis tempor lectus aliquam non. Maecenas dictum ultrices ante eu interdum. Donec eu ipsum leo. Cras dapibus, elit id fringilla viverra, leo lectus tristique purus, a consectetur sapien magna a quam. Aenean auctor, mi porttitor placerat scelerisque, quam erat ultrices leo, vitae interdum nisl lacus eget risus. Vivamus massa metus, dictum non tempus eget, tempus sed lorem. Etiam faucibus nisi luctus bibendum feugiat.', 'Aquecedor_Anex_Vertical_127V.jpg', 155),
(68, 'Umidificador de Ar Umidità Cadence Bivolt 30W', 'Integer non neque convallis, dapibus odio et, luctus lectus. In et dui venenatis nulla ultrices iaculis. Donec malesuada aliquet urna eu convallis. Vivamus eu lectus in metus viverra consectetur et sit amet ipsum. Sed adipiscing pretium nunc volutpat mattis. Duis sed justo vel erat volutpat vehicula quis sed eros. Vestibulum ultrices porttitor turpis, ac cursus mauris porttitor sed. Nullam faucibus diam vitae felis blandit, quis iaculis eros auctor.', 'Umidificador_de_Ar_Umidit___Cadence_Bivolt_30W.jpg', 94.9),
(69, 'Umidificador 3,2 Litros Médio Bivolt', 'Sed faucibus diam eu lectus adipiscing aliquam. Etiam eros magna, facilisis pharetra neque eu, porta euismod nunc. Donec dolor enim, volutpat a blandit vitae, iaculis quis lorem. Nulla urna nisi, condimentum in purus quis, consequat eleifend nisi. Maecenas sollicitudin consequat purus eget mattis.', 'Umidificador_3_2_Litros_M__dio_Bivolt.jpg', 129.9),
(70, 'Batedeira Cadence Concept Special 350 Preta com 1 Tigela - 220 V 220W', 'Nullam a nulla egestas, facilisis nisi sit amet, volutpat magna. Ut in magna et sapien tempor venenatis. Duis vitae dictum justo, pretium adipiscing justo. Nulla tincidunt gravida neque ac hendrerit. Proin sit amet tellus vel mauris malesuada sagittis. Sed ante nunc, adipiscing non consectetur ut, ullamcorper sit amet est.', 'Batedeira_Cadence_Concept_Special_350_Preta_com_1_Tigela___220_V_220W.jpg', 79.9),
(71, 'Conjunto de Utensílios Red 4 pçs', 'Nulla mollis, sapien mollis consequat luctus, augue nisi lacinia nisi, non sodales turpis erat eget lectus. Class aptent taciti sociosqu ad litora torquent per conubia nostra, per inceptos himenaeos. Proin lacus massa, interdum sit amet suscipit eu, tempor eu metus. Vivamus eu neque volutpat, consequat diam at, volutpat lectus.', 'Conjunto_de_Utens__lios_Red_4_p__s.jpg', 89.9),
(72, 'Conjunto de Talheres Cor e Cor Preto 24 pçs', 'Praesent ornare porttitor libero accumsan molestie. Mauris ac luctus eros, in faucibus risus. Mauris pretium, tortor sit amet vulputate scelerisque, tellus odio fermentum nunc, in facilisis quam dui ut erat. Sed eleifend rhoncus sollicitudin. Mauris vestibulum ut lectus rhoncus consequat. Vivamus blandit elit pharetra viverra feugiat.', 'Conjunto_de_Talheres_Cor_e_Cor_Preto_24_p__s.jpg', 129);

INSERT INTO `sc_product_categories` (`id`, `parent_id`, `name`) VALUES
(1, 0, 'Móveis'),
(2, 0, 'Infantil'),
(3, 0, 'Utilidades Domésticas'),
(4, 0, 'Decoração'),
(5, 0, 'Eletro'),
(6, 1, 'Sala'),
(7, 1, 'Quarto'),
(8, 1, 'Cozinha'),
(9, 2, 'Móveis'),
(10, 2, 'Cama'),
(11, 2, 'Acessórios'),
(12, 3, 'Cozinha'),
(13, 3, 'Talheres'),
(14, 3, 'Limpeza'),
(15, 4, 'Acessórios'),
(16, 4, 'Iluminação'),
(17, 4, 'Tapeçaria'),
(18, 5, 'Cozinha'),
(19, 5, 'Higiene'),
(20, 5, 'Climatização'),
(21, 6, 'Mesas'),
(22, 6, 'Sofás'),
(23, 7, 'Camas'),
(24, 7, 'Cômodas'),
(25, 7, 'Prateleiras'),
(26, 7, 'Guarda-Roupas'),
(27, 8, 'Mesas'),
(28, 8, 'Cadeiras'),
(29, 9, 'Berços'),
(30, 9, 'Cômodas'),
(31, 10, 'Fronhas'),
(32, 10, 'Mantas'),
(33, 10, 'Cobertores'),
(34, 11, 'Roupões'),
(35, 11, 'Outros'),
(36, 12, 'Porta-Talheres'),
(37, 12, 'Utensílios'),
(38, 13, 'Colheres'),
(39, 13, 'Faqueiros'),
(40, 14, 'Lixeiras'),
(41, 14, 'Vassouras'),
(42, 15, 'Flores'),
(43, 15, 'Relógios'),
(44, 16, 'Abajures'),
(45, 16, 'Lustres'),
(46, 16, 'Luminárias'),
(47, 17, 'Tapetes'),
(48, 17, 'Capachos'),
(49, 18, 'Centrífugas'),
(50, 18, 'Batedeiras'),
(51, 18, 'Extratores de suco'),
(52, 18, 'Outros'),
(53, 19, 'Barbeadores Elétricos'),
(54, 19, 'Secadores de Cabelo'),
(55, 20, 'Aquecedores'),
(56, 20, 'Umidificadores');

INSERT INTO `sc_product_categories_assoc` (`id`, `product_id`, `category_id`) VALUES
(1, 1, 22),
(2, 2, 22),
(3, 3, 21),
(4, 4, 21),
(5, 5, 23),
(6, 6, 23),
(7, 7, 24),
(8, 8, 24),
(9, 9, 25),
(10, 10, 25),
(11, 11, 26),
(12, 12, 26),
(13, 13, 27),
(14, 14, 27),
(15, 15, 28),
(16, 16, 28),
(17, 17, 29),
(18, 18, 29),
(19, 19, 30),
(20, 20, 30),
(21, 21, 31),
(22, 22, 31),
(23, 23, 32),
(24, 24, 32),
(25, 25, 33),
(26, 26, 33),
(27, 27, 34),
(28, 28, 34),
(29, 29, 34),
(30, 30, 35),
(31, 31, 36),
(32, 32, 36),
(33, 33, 37),
(34, 34, 13),
(35, 35, 38),
(36, 36, 38),
(37, 37, 39),
(38, 38, 39),
(39, 39, 40),
(40, 40, 40),
(41, 41, 41),
(42, 42, 41),
(43, 43, 42),
(44, 44, 42),
(45, 45, 43),
(46, 46, 43),
(47, 47, 44),
(48, 48, 44),
(49, 49, 45),
(50, 50, 45),
(51, 51, 46),
(52, 52, 46),
(53, 53, 47),
(54, 54, 47),
(55, 55, 48),
(56, 56, 48),
(57, 57, 49),
(58, 58, 49),
(59, 59, 50),
(60, 60, 51),
(61, 61, 52),
(62, 62, 53),
(63, 63, 53),
(64, 64, 54),
(65, 65, 54),
(66, 66, 55),
(67, 67, 55),
(68, 68, 56),
(69, 69, 56),
(70, 70, 50),
(71, 71, 37),
(72, 72, 13),
(73, 38, 37),
(74, 72, 37);

INSERT INTO `sc_product_features` (`id`, `name`) VALUES
(1, 'Sed at facilisis metus'),
(2, 'Pellentesque dignissim lacus'),
(3, 'Et tortor commodo cursus'),
(4, 'Vestibulum ligula urna'),
(5, 'Suscipit id ultrices sed'),
(6, 'Etiam pulvinar tellus'),
(7, 'Vel enim fringilla'),
(8, 'Ut varius urna viverra'),
(9, 'Donec interdum'),
(10, 'Purus eget bibendum ultricies'),
(11, 'Nisl nibh volutpat nunc'),
(12, 'Quis condimentum tortor'),
(13, 'Suspendisse potenti'),
(14, 'Etiam erat mi'),
(15, 'Sollicitudin a aliquam sed'),
(16, 'Accumsan et augue'),
(17, 'Donec volutpat'),
(18, 'Justo sed congue'),
(19, 'Lorem risus blandit metus'),
(20, 'Hendrerit vehicula diam'),
(21, 'Nisl dapibus ante'),
(22, 'Vestibulum a orci'),
(23, 'Tincidunt arcu sodales'),
(24, 'Aenean non sollicitudin'),
(25, 'Sit amet ornare'),
(26, 'Cursus sem'),
(27, 'In hac habitasse'),
(28, 'Sed diam'),
(29, 'Quisque ornare'),
(30, 'Tincidunt dapibus');

INSERT INTO `sc_product_features_assoc` (`id`, `product_id`, `feature_id`) VALUES
(1, 1, 6),
(2, 1, 1),
(3, 1, 15),
(4, 2, 4),
(5, 2, 10),
(6, 2, 15),
(7, 2, 17),
(8, 3, 26),
(9, 3, 9),
(10, 3, 20),
(11, 4, 16),
(12, 4, 22),
(13, 4, 21),
(14, 4, 27),
(15, 5, 15),
(16, 5, 26),
(17, 5, 4),
(18, 5, 6),
(19, 5, 10),
(20, 6, 7),
(21, 6, 27),
(22, 6, 4),
(23, 6, 18),
(24, 7, 12),
(25, 7, 9),
(26, 7, 3),
(27, 7, 30),
(28, 8, 23),
(29, 8, 6),
(30, 8, 10),
(31, 8, 17),
(32, 8, 16),
(33, 9, 7),
(34, 9, 8),
(35, 9, 30),
(36, 9, 9),
(37, 10, 11),
(38, 10, 10),
(39, 10, 30),
(40, 10, 25),
(41, 11, 3),
(42, 11, 24),
(43, 11, 1),
(44, 11, 18),
(45, 12, 1),
(46, 12, 16),
(47, 12, 5),
(48, 12, 21),
(49, 13, 23),
(50, 13, 6),
(51, 13, 14),
(52, 13, 18),
(53, 13, 15),
(54, 14, 28),
(55, 14, 17),
(56, 14, 19),
(57, 14, 12),
(58, 15, 13),
(59, 15, 25),
(60, 15, 11),
(61, 15, 4),
(62, 15, 10),
(63, 16, 9),
(64, 16, 25),
(65, 16, 15),
(66, 16, 23),
(67, 17, 8),
(68, 17, 22),
(69, 17, 6),
(70, 17, 26),
(71, 17, 19),
(72, 18, 24),
(73, 18, 30),
(74, 18, 11),
(75, 18, 21),
(76, 18, 22),
(77, 19, 28),
(78, 19, 22),
(79, 19, 15),
(80, 19, 19),
(81, 19, 3),
(82, 20, 1),
(83, 20, 28),
(84, 20, 3),
(85, 21, 11),
(86, 21, 22),
(87, 21, 2),
(88, 21, 28),
(89, 22, 7),
(90, 22, 3),
(91, 22, 28),
(92, 22, 17),
(93, 23, 16),
(94, 23, 11),
(95, 23, 9),
(96, 24, 23),
(97, 24, 3),
(98, 24, 21),
(99, 25, 16),
(100, 25, 5),
(101, 25, 11),
(102, 25, 27),
(103, 26, 9),
(104, 26, 30),
(105, 26, 16),
(106, 26, 25),
(107, 26, 27),
(108, 27, 12),
(109, 27, 3),
(110, 27, 19),
(111, 28, 7),
(112, 28, 18),
(113, 28, 29),
(114, 28, 15),
(115, 29, 4),
(116, 29, 3),
(117, 29, 20),
(118, 29, 16),
(119, 30, 9),
(120, 30, 19),
(121, 30, 24),
(122, 31, 5),
(123, 31, 10),
(124, 31, 24),
(125, 32, 12),
(126, 32, 2),
(127, 32, 28),
(128, 33, 17),
(129, 33, 16),
(130, 33, 20),
(131, 34, 8),
(132, 34, 12),
(133, 34, 24),
(134, 34, 22),
(135, 35, 2),
(136, 35, 26),
(137, 35, 18),
(138, 35, 22),
(139, 35, 7),
(140, 36, 16),
(141, 36, 6),
(142, 36, 8),
(143, 37, 11),
(144, 37, 10),
(145, 37, 25),
(146, 37, 23),
(147, 37, 13),
(148, 38, 10),
(149, 38, 8),
(150, 38, 28),
(151, 38, 5),
(152, 38, 16),
(153, 39, 19),
(154, 39, 3),
(155, 39, 13),
(156, 40, 2),
(157, 40, 8),
(158, 40, 3),
(159, 40, 29),
(160, 40, 19),
(161, 41, 28),
(162, 41, 7),
(163, 41, 5),
(164, 42, 12),
(165, 42, 7),
(166, 42, 10),
(167, 43, 20),
(168, 43, 26),
(169, 43, 30),
(170, 44, 9),
(171, 44, 30),
(172, 44, 1),
(173, 44, 28),
(174, 45, 21),
(175, 45, 15),
(176, 45, 24),
(177, 45, 23),
(178, 46, 6),
(179, 46, 16),
(180, 46, 14),
(181, 47, 15),
(182, 47, 22),
(183, 47, 25),
(184, 47, 10),
(185, 47, 19),
(186, 48, 30),
(187, 48, 21),
(188, 48, 16),
(189, 49, 7),
(190, 49, 10),
(191, 49, 21),
(192, 50, 18),
(193, 50, 19),
(194, 50, 12),
(195, 50, 2),
(196, 51, 22),
(197, 51, 5),
(198, 51, 20),
(199, 52, 23),
(200, 52, 19),
(201, 52, 28),
(202, 52, 15),
(203, 53, 24),
(204, 53, 26),
(205, 53, 13),
(206, 53, 27),
(207, 53, 2),
(208, 54, 12),
(209, 54, 28),
(210, 54, 17),
(211, 54, 27),
(212, 54, 19),
(213, 55, 27),
(214, 55, 12),
(215, 55, 13),
(216, 55, 10),
(217, 55, 21),
(218, 56, 3),
(219, 56, 28),
(220, 56, 30),
(221, 56, 1),
(222, 57, 7),
(223, 57, 5),
(224, 57, 18),
(225, 57, 28),
(226, 58, 21),
(227, 58, 27),
(228, 58, 1),
(229, 59, 18),
(230, 59, 2),
(231, 59, 13),
(232, 60, 17),
(233, 60, 16),
(234, 60, 24),
(235, 61, 19),
(236, 61, 23),
(237, 61, 8),
(238, 61, 14),
(239, 62, 2),
(240, 62, 12),
(241, 62, 11),
(242, 62, 26),
(243, 62, 8),
(244, 63, 27),
(245, 63, 29),
(246, 63, 14),
(247, 63, 8),
(248, 63, 7),
(249, 64, 13),
(250, 64, 3),
(251, 64, 1),
(252, 64, 24),
(253, 64, 4),
(254, 65, 6),
(255, 65, 30),
(256, 65, 9),
(257, 65, 10),
(258, 65, 19),
(259, 66, 18),
(260, 66, 16),
(261, 66, 27),
(262, 66, 8),
(263, 66, 5),
(264, 67, 1),
(265, 67, 13),
(266, 67, 9),
(267, 67, 2),
(268, 68, 12),
(269, 68, 15),
(270, 68, 16),
(271, 68, 19),
(272, 69, 4),
(273, 69, 12),
(274, 69, 26),
(275, 69, 15),
(276, 69, 1),
(277, 70, 10),
(278, 70, 28),
(279, 70, 16),
(280, 71, 23),
(281, 71, 28),
(282, 71, 19),
(283, 72, 13),
(284, 72, 19),
(285, 72, 16),
(286, 72, 1),
(287, 72, 11);

INSERT INTO `sc_users` (`id`, `name`, `login`, `password`, `email`, `active`) VALUES
(1, 'Usuário de Testes Um', 'usuario1', 'e8d95a51f3af4a3b134bf6bb680a213a', 'usuario1@invalidmail.com.br', 1),
(2, 'Usuário de Testes Dois', 'usuario2', 'e8d95a51f3af4a3b134bf6bb680a213a', 'usuario2@invalidmail.com.br', 1),
(3, 'Usuário de Testes Três', 'usuario3', 'e8d95a51f3af4a3b134bf6bb680a213a', 'usuario3@invalidmail.com.br', 0),
(4, 'Usuário de Testes Quatro', 'usuario4', 'e8d95a51f3af4a3b134bf6bb680a213a', 'usuario4@invalidmail.com.br', 1);

/*!40101 SET CHARACTER_SET_CLIENT=@OLD_CHARACTER_SET_CLIENT */;
/*!40101 SET CHARACTER_SET_RESULTS=@OLD_CHARACTER_SET_RESULTS */;
/*!40101 SET COLLATION_CONNECTION=@OLD_COLLATION_CONNECTION */;
